,Achilles Screening Project ID,Arxspan Cell Line Registration ID,Cell Line Name,Derivative Cell Line Name,GPP Doubling Time (hrs),Cells/T175 or Cells/mL,Cas no-spin attempts,Cas spin attempts,Cas virus batch,Blasticidin Selection (ug/ml),Activity (%GFP negative),DERIV ID,Titration Attempts,Virus Pool Name,Virus Pool Batch,Puromycin Selection (ug/ml),Flasks for infection (T175),Plates for infection,Virus for infection (ml),Infection density (cells/well),Large-scale attempts,Start Date of Pooled Infection,Late Harvest Date,Target Infection Rate,Observed Infection Rate,Observed Cell Representation,Average Observed Cell Yield on Day 5,Cumulative Screen Doublings,File Name
0,ASP1654,ACH-00537,OVISE,OVISE-enCas12a,50,30000000,0,1,0,4,,,1,Humagne,Humagne set c,2,4,1,2.0282875359825057,3000000,1,2020-11-05 00:00:00,2020-11-19 00:00:00,50,0.45259197894148345,7986624.76306894,,,OVISE_HUMAGNE_ASP1654.xlsx
1,ASP0750,ACH-001677,U2904,U2904-enCas12a,70,600000000,0,1,M-AI97-20210126,6,35,0,0,Humagne,,1.5,,,,0,0,Date,Date,50,,,,,U2904_HUMAGNE_ASP0750.xlsx
2,ASP0748,ACH-001532,JMURTK2,JMURTK2-Cas12a,50,40000000,0,1,M-AI97-20210126,5,25,0,0,Humagne,,1,,,,0,1,Date,Date,50,,,,,JMURTK2_HUMAGNE_ASP0748.xlsx
3,ASP1769,ACH-000183,L363,L363-enCas12a,41,200000000,0,1,M-AI97-20201208,10,75,,1,Humagne,M-AK92-20200825,1,3,4,1.6435754127309126,1500000,1,2021-03-01 00:00:00,2021-03-15 00:00:00,50,0.5364465561820801,11248049.661858179,,,L363_HUMAGNE_ASP1769.xlsx
4,ASP0728,ACH-001509,H357,H357-Cas12a,50,20000000,0,1,,10,60,0,3,Humagne,M-AK42-20200825,1,10,8,10.080000000000002,1500000,1,2021-10-28 00:00:00,2021-11-11 00:00:00,22,0.181149283969477,9097632.736794716,,,H357_HUMAGNE_ASP0728.xlsx
5,ASP1652,ACH-000147,T47D,T47D-enCas12a,60,45000000,0,1,,4,90,,1,Humagne,1,2,3,1,4.872971349887871,3000000,1,2020-11-02 00:00:00,2020-11-16 00:00:00,50,0.6332590266492524,11398662.479686543,,,T47D_HUMAGNE_ASP1652.xlsx
6,ASP1770,ACH-000502,TCCPAN2,TCCPAN2-enCas12a,42,30000000,0,1,M-AI97-20201208,2,90,0,1,Humagne,M-AK41-20200825,2,5,4,0.8091782148318093,1500000,1,2021-02-22 00:00:00,2021-03-09 00:00:00,50,0.5090152948054676,15104016.601061001,,,TCCPAN2_HUMAGNE_ASP1770.xlsx
7,ASP0744,ACH-001369,OCIC5X,OCIC5X-Cas12a,60,15000000,0,1,,4,88,0,0,Humagne,,1,,,,0,0,Date,Date,50,,,,,OCIC5X_HUMAGNE_ASP0744.xlsx
8,ASP1760,ACH-001532,NCIH23,NCIH23-Cas12a,50,23000000,0,1,M-AI97-20210126,8,90,0,1,Humagne,,2,7,6,2.2782244681721595,1500000,1,2021-09-30 00:00:00,2021-10-14 00:00:00,50,0.5804468599033816,31344130.43478261,,,NCIH23_HUMAGNE_ASP1760.xlsx
9,ASP1922,ACH-000463,NCIH460,DERIV-000425,42,30000000,,,,2,70,DERIV-000425,1,Paralog 160k CP1600,M-AL30-20210203,1,13,8,37.27816459854459,3000000,1,2021-07-26 00:00:00,2021-08-17 00:00:00,40,0.3988456248641413,40936015.91894188,,,NCIH460_PARALOGV2_ASP1922.xlsx
10,ASP1921,ACH-000747,NCIH1703,DERIV-000233,43,16000000,,,,10,75,DERIV-000233,1,Paralog 160k CP1600,M-AL30-20210203,1,26,10,19.2236993235252,3000000,1,2021-08-02 00:00:00,2021-08-24 00:00:00,40,0.31198737444381974,56021883.84062319,,,NCIH1703_PARALOGV2_ASP1921.xlsx
11,ASP1920,ACH-000035,NCIH1650,DERIV-000257,50,10000000,,,,5,60,DERIV-000257,1,Paralog 160k CP1600,M-AL30-20210203,1,37,18,91.65215030967914,1500000,1,2021-08-05 00:00:00,2021-08-27 00:00:00,40,0.5512815202719229,89307606.28405151,,,NCIH1650_PARALOGV2_ASP1920.xlsx
12,ASP1817,ACH-002537-02,SNU769B,SNU769B-enCas12a,90,80000000,0,1,M-AI97-20220111,50,58,0,0,Humagne,,0,,,,0,0,Date,Date,50,,,,,SNU769B_HUMAGNE_ASP1817.xlsx
13,ASP1818,ACH-001975,MM576,MM576-enCas12a,60,26000000,0,1,M-AI-20200811,10,95,0,1,Humagne,20200825,2,8,8,1.345894717556634,1500000,1,2022-03-03 00:00:00,00:00:00,50,,,,,MM576_HUMAGNE_ASP1818.xlsx
14,ASP1958,ACH-001994,ICC16,ICC16-enCas12a,0,0,0,1,,,0,0,0,Humagne,,0,,,,0,0,Date,Date,50,,,,,ICC16_HUMAGNE_ASP1958.xlsx
15,ASP1821,ACH-002058,ATN1,0,,,,,00:00:00,,,ATN1-enCas12a-Ach,,0,0,Humagne,T175s,0,,0,,Date,Date,50,,,0,,ATN1_HUMAGNE_ASP1821.xlsx
16,ASP1820,ACH-002170,NCIH1688,NCIH1688-enCas12a,0,0,0,0,M-AI-20210126,10,0,0,0,Humagne,,0,,,,0,0,Date,Date,50,,,,,NCIH1688_HUMAGNE_ASP1820.xlsx
17,ASP0758,ACH-000774,RERFLCAD2,RERFLCAD2-Cas12a,80,12000000,0,1,,8,75,0,2,Humagne Set D,20200825,2,15,8,3.78,1500000,1,2021-11-01 00:00:00,2021-11-17 00:00:00,32,0.24128461538461538,13187119.44827586,,,RERFLCAD2_HUMAGNE_ASP0758.xlsx
18,ASP1850,ACH-002880,WCRC25,WCRC25-enCas12a,0,25000000,,,Brian W,10,0,0,,Humagne,,0,,,,0,,Date,Date,50,,,,,WCRC25_HUMAGNE_ASP1850.xlsx
19,ASP1852,ACH-002175,NCIH740,NCIH740-enCas12a,slow ~120,0,,,Brian W,50,92,0,,Humagne,,0,,,,0,,Date,Date,50,,,,,NCIH740_HUMAGNE_ASP1852.xlsx
20,ASP1853,ACH-002542,SNU1181,SNU1181-enCas12a,0,0,,,0,,0,0,,Humagne,,0,,,,0,,Date,Date,50,,,,,SNU1181_HUMAGNE_ASP1853.xlsx
21,ASP1851,ACH-002496,NCIH498,NCIH498-enCas12a,,,,,,#REF!,,,,Humagne,,,#DIV/0!,,#DIV/0!,,,Date,Date,50,#DIV/0!,#DIV/0!,,,NCIH498_HUMAGNE_ASP1851.xlsx
22,ASP1845,ACH-002525,SNU333,SNU333-311Cas9,170,13000000,,,29,10,93,0,,CP0033,M-AN02-20210914,2,29,18,,1500000,,Date,Date,50,,,,,SNU333_AVANA4_ASP1845.xlsx
23,ASP1822,ACH-001019,BROLI,BROLI-enCas12a,0,0,,,0,,0,0,,Humagne,,0,,,,0,,Date,Date,50,,,,,BROLI_HUMAGNE_ASP1822.xlsx
24,ASP1823,ACH-002709,CMS,CMS-enCas12a,,,,,,#REF!,,,,Humagne,,,#DIV/0!,,#DIV/0!,,,Date,Date,50,#DIV/0!,#DIV/0!,,,CMS_HUMAGNE_ASP1823.xlsx
25,ASP1824,ACH-002655,JVE017,JVE017-enCas12a,0,0,,,0,,0,0,,Humagne,,0,,,,0,,Date,Date,50,,,,,JVE017_HUMAGNE_ASP1824.xlsx
26,ASP1825,ACH-002658,JVE114,JVE114-enCas12a,0,0,,,0,,0,0,,Humagne,,0,,,,0,,Date,Date,50,,,,,JVE114_HUMAGNE_ASP1825.xlsx
27,ASP1826,ACH-002645,MHHTALL2,MHHTALL2-enCas12a,0,0,,,0,,0,0,,Humagne,,0,,,,0,,Date,Date,50,,,,,MHHTALL2_HUMAGNE_ASP1826.xlsx
28,ASP1834,ACH-002064,HTMM,HTMM-enCas12a,,,,,,#REF!,,,,Humagne,,,#DIV/0!,,#DIV/0!,,,Date,Date,50,#DIV/0!,#DIV/0!,,,HTMM_HUMAGNE_ASP1834.xlsx
29,ASP1845,ACH-002525,SNU333,SNU333-enCas12a,0,0,,,0,,0,0,,Humagne,,0,,,,0,,Date,Date,50,,,,,SNU333_HUMAGNE_ASP1845.xlsx
30,ASP1856,ACH-000012,HCC827,HCC827-311Cas9,56,18000000,,,,10,83,,,ParalogV2,20210921,2,23,20,10.49067725,1500000,,2022-01-17 00:00:00,2022-02-07 00:00:00,35,0.6971153846,114187500,,,HCC827_PARALOGV2_ASP1856.xlsx
31,ASP1857,ACH-000448,NCIH1666,NCIH1666-311Cas9,48,50000000,,,0,2,78,0,,Paralog,20211203,1,9,16,44.5789132966065,1500000,,2022-03-14 00:00:00,2022-04-04 00:00:00,35,0.6487268518518519,46780414.0946502,,,NCIH1666_PARALOGV2_ASP1857.xlsx
32,ASP1858,ACH-000261,RERFLCAI,RERFLCAI-311Cas9,72,48000000,,,0,10,88,0,,Paralog,M-AL30-20210921,1,10,18,4.996167261354738,1500000,,2022-01-24 00:00:00,2022-02-14 00:00:00,35,0.11303654127647568,13632206.877942966,,,RERFLCAI_PARALOGV2_ASP1858.xlsx
33,ASP1860,ACH-000711,JIMT1,JIMT1-311Cas9,65,25000000,,,0,10,90,0,,ParalogV2,M-AL30-20210922,2,18,10,3.6652830989198373,3000000,,2022-01-20 00:00:00,2022-02-11 00:00:00,35,0.30617414173752566,44042944.342210956,,,JIMT1_PARALOGV2_ASP1860.xlsx
34,ASP1861,ACH-000624,HCC1806,HCC1806-311Cas9,47,25000000,,,0,10,93,0,1,Paralog,M-AL30-20210921,1,18,10,8.525141702822156,3000000,1,2022-01-27 00:00:00,2022-02-17 00:00:00,45,0.45020140332640335,61673608.17250198,,,HCC1806_PARALOGV2_ASP1861.xlsx
35,ASP1862,ACH-001819,MFM223,MFM223-311Cas9,,,,,,,,,,Paralog,,,#DIV/0!,,0,1500000,,Date,Date,50,#DIV/0!,#DIV/0!,,,MFM223_PARALOGV2_ASP1862.xlsx
36,ASP1863,ACH-000910,MDAMB453,MDAMB453-311Cas9,,63000000,,,,,,,,Paralog,,,2,,0,,,Date,Date,50,#DIV/0!,#DIV/0!,,,MDAMB453_PARALOGV2_ASP1863.xlsx
37,ASP1865,ACH-000246,SLR23,SLR23-311Cas9,,10000000,,,11,10,83,0,,ParalogV2,M-AL30-20210921,2,33,16,9.584190627516293,1500000,,2022-01-24 00:00:00,2022-02-14 00:00:00,35,0.48555885262116716,41104473.55406319,,,SLR23_PARALOGV2_ASP1865.xlsx
38,ASP1974,ACH-000709,KMRC20,KMRC20-311Cas9,72,15000000,,,0,10,95,0,,Paralog,20210921,2,20,14,4.41,1500000,,2022-01-10 00:00:00,2022-01-31 00:00:00,35,0.33829598601001226,31765993.08634015,,,KMRC20_PARALOGV2_ASP1974.xlsx
39,ASP1867,ACH-001194,SKRC31,SKRC31-311Cas9,80,7500000,,,0,10,90,0,,Paralog,M-AL30-20210921,10,38,14,15.551804449598283,1500000,,2022-01-27 00:00:00,2022-02-17 00:00:00,35,0.25526315789473686,20931578.94736842,,,SKRC31_PARALOGV2_ASP1867.xlsx
40,ASP1833,ACH-002484,HS769T,HS769T-enCas12a,,10000000,,,Amy L,10,,,,Humagne,,,2,,#DIV/0!,,,Date,Date,50,#DIV/0!,#DIV/0!,,,HS769T_HUMAGNE_ASP1833.xlsx
41,ASP1837,ACH-002928,MM100511,MM100511-enCas12a,93,11586206.9,,,Amy,10,,,,Humagne,M-AK41-20220125,2x,12,6,19.89761402,1500000,,2022-05-26 00:00:00,Date,50,0.1833535762,6738243.927,,,MM100511_HUMAGNE_ASP1837.xlsx
42,ASP1849,ACH-002946,UKE1,UKE1-enCas12a,,,,,Amy,10,,,,Humagne,,,#DIV/0!,,#DIV/0!,,,Date,Date,50,#DIV/0!,#DIV/0!,,,UKE1_HUMAGNE_ASP1849.xlsx
43,ASP1279,ASP1279,SNU1460,SNU1460-enCas12a,0,0,,,0,,0,0,,Humagne,,0,,,,0,,Date,Date,50,,,,,SNU1460_HUMAGNE_ASP1279.xlsx
44,AP1855,ACH-000587,NCIH1975,NCIH1975-311Cas9,58,26000000,,,0,10,0,0,,ParalogV2,M-AL30-20210921,1,,,,1500000,,2022-02-07 00:00:00,Date,30,,,,,NCIH1975_PARALOGV2_ASP1855.xlsx
45,ASP1859,ACH-000150,HCC2935,HCC2935-311Cas9,50,16500000,,,0,0,79,0,,ParalogV2,20211203,1,19,14,26.79213807042822,1500000,,2022-02-10 00:00:00,2022-03-03 00:00:00,35,0.2283690781049936,19250548.344484318,,,HCC2935_PARALOGV2_ASP1859.xlsx
46,ASP1889,ACH-000352,HCC1428,HCC1428-311Cas9,58,37500000,,,0,10,77,0,,ParalogV2,20210921,2,11,8,3.7916055963850868,3000000,,2022-02-24 00:00:00,2022-03-17 00:00:00,45,0.398579808582896,49423896.264279105,,,HCC1428_PARALOGV2_ASP1889.xlsx
47,ASP1890,ACH-000876,MDAMB415,MDAMB415-311Cas9,,,,,,,,,,ParalogV2,,,#DIV/0!,,#DIV/0!,,,Date,Date,35,#DIV/0!,#DIV/0!,,,MDAMB415_PARALOGV2_ASP1890.xlsx
48,ASP1885,0,HKGZCC,HKGZCC-311Cas9,55,15000000,,,0,10,94,0,,ParalogV2,M-AL30-20210921,1.5,28,20,24.37990451337594,1500000,,2022-02-10 00:00:00,2022-03-03 00:00:00,45,0.12000746612030871,14472900.41410923,,,HKGZCC_PARALOGV2_ASP1885.xlsx
49,ASP1914,ACH-000009,C2BBE1,C2BBE1-311Cas9,48,22000000,,,0,2,92,0,,ParalogV2,M-AL30-20210921,4,23,12,11.34,3000000,,2022-02-28 00:00:00,2022-03-21 00:00:00,35-45,0.38225920600006125,81931502.58752203,,,C2BBE1_PARALOGV2_ASP1914.xlsx
50,ASP1916,ACH-000491,NCIH716,NCIH716-311Cas9,120,80000000,,,0,10,87,0,,ParalogV2,M-AL30-20210921,1,7,10,1.621855040391307,3000000,,2022-03-14 00:00:00,2022-04-05 00:00:00,45,0.3612230439633028,59168334.601188995,,,NCIH716_PARALOGV2_ASP1916.xlsx
51,ASP1891,ACH-001145,OC316,OC316-311Cas9,40,21000000,,,0,10,78,0,,ParalogV2,M-AL30-20210921,1,20,10,9.450000000000001,3000000,1,2022-02-28 00:00:00,2022-03-21 00:00:00,43,0.237145096466489,42686117.36396802,,,OC316_PARALOGV2_ASP1891.xlsx
52,ASP1915,ACH-000651,SW620,SW620-311Cas9,50,150000000,,,,,,,,ParalogV2,M-AL30-20210921,2,4,14,13.23,1500000,,2022-03-21 00:00:00,2022-04-15 00:00:00,42,0.4540771269,43704923.46,,,SW620_PARALOGV2_ASP1915.xlsx
53,ASP1892,ACH-001418,UWB1289,UWB1289-311Cas9,113,5000000,,,,10,76,,,ParalogV2,M-AP02-20220426,2,48,12,11.34,1500000,,Date,Date,47,#DIV/0!,#DIV/0!,,,UWB1289_PARALOGV2_ASP1892.xlsx
54,ASP1345,ACH-002844,CCLFRCRF1012T,CCLFRCRF1012T-enCas12a,,5100000,,,,#REF!,,,,Humagne,,,2,,#DIV/0!,,,Date,Date,50,#DIV/0!,#DIV/0!,,,CCLFRCRF1012T_HUMAGNE_ASP1345.xlsx
55,ASP1888,ACH-001836,ICC108,ICC108-311Cas9,96,15000000,,,,10,,,,paralogv2,#REF!,3,28,10,18.80421782,3000000,,2022-04-07 00:00:00,2022-04-28 00:00:00,45,0.230952381,36056851.31,,,ICC108_PARALOGV2_ASP1888.xlsx
56,ASP1277,ACH-001704,VMRCMELG,VMRCMELG-enCas12a,,,,,,#REF!,,,,Humagne,,,#DIV/0!,,#DIV/0!,,,Date,Date,50,#DIV/0!,#DIV/0!,,,VMRCMELG_HUMAGNE_ASP1277.xlsx
57,ASP1918,ACH-001460,C84,C84-311Cas9,,59000000,,,,,,,,ParalogV2,,,2,,#DIV/0!,,,Date,Date,45,#DIV/0!,#DIV/0!,,,C84_PARALOGV2_ASP1918.xlsx
58,ASP1886,ACH-001673,TFK1,TFK1-311Cas9,72,18000000,,,,10,96,,,ParalogV2,20210921,2,15,12,15.56559959,1500000,,2022-03-07 00:00:00,2022-03-28 00:00:00,45,0.4662162162,46575000,,,TFK1_PARALOGV2_ASP1886.xlsx
59,ASP1899,ACH-000796,MCAS,MCAS-311Cas9,55,0,,,0,0,0,0,,ParalogV2,M-AL30-20210921,0,,12,,1500000,,Date,Date,45,,,,,MCAS_PARALOGV2_ASP1899.xlsx
60,ASP1607,ACH-002417,CCLFNEURO0015T,CCLFNEURO0015T-enCas12a,,50000000,,,,10,92,,,Humagne,,,2,,#DIV/0!,,,Date,Date,50,#DIV/0!,#DIV/0!,,,CCLFNEURO0015T_HUMAGNE_ASP1607.xlsx
61,ASP1371,ACH-002412,CCLFNEURO0009T,CCLFNEURO0009T-enCas12a,,,,,Dom ,10,,,,Humagne,,,#DIV/0!,,#DIV/0!,,,Date,Date,50,#DIV/0!,#DIV/0!,,,CCLFNEURO0009T_HUMAGNE_ASP1371.xlsx
62,ASP1631,ACH-002410,CCLFNEURO0007T,CCLFNEURO0007T-enCas12a,,,,,,#REF!,,,,Humagne,,,#DIV/0!,,#DIV/0!,,,Date,Date,50,#DIV/0!,#DIV/0!,,,CCLFNEURO0007T_HUMAGNE_ASP1631.xlsx
63,ASP1917,ACH-002023,TGBC18TKB,TGBC18TKB-311Cas9,50,21000000,,,,10,89,,,ParalogV2,20210921,1,17,16,3.512434372,1500000,,2022-03-17 00:00:00,2022-04-07 00:00:00,45,0.3028920807,43616459.63,,,TGBC18TKB_PARALOGV2_ASP1917.xlsx
64,ASP1906,ACH-000905,5637,5637-311Cas9,60,50000000,,,0,10,93,0,,ParalogV2,20210921,2,15,16,27.917585146677524,3000000,,2022-03-21 00:00:00,2022-04-11 00:00:00,35,0.19083333333333333,26716666.666666664,,,5637_PARALOGV2_ASP1906.xlsx
65,ASP1908,ACH-000011,253J,253J-311Cas9,30,28600000,,,0,10,82,0,,ParalogV2,M-AL30-20210921,2,16,10,9.450000000000001,3000000,,2022-03-17 00:00:00,2022-04-07 00:00:00,35,0.36458333333333337,40114436.61971832,,,253J_PARALOGV2_ASP1908.xlsx
66,ASP1905,ACH-000593,BC3C,BC3C-311Cas9,72,30000000,,,,10,85,0,2,ParalogV2,M-AL30-20210921,2,14,18,9.036962734760994,1500000,,2022-03-31 00:00:00,2022-04-22 00:00:00,45,0.2020294830156816,22136591.158505477,,,BC3C_PARALOGV2_ASP1905.xlsx
67,ASP1904,ACH-000608,COV644,COV644-311Cas9,100,22000000,,,0,10,90,0,,ParalogV2,M-AL30-20210921,2,29,16,19.559652078597455,3000000,,2022-04-11 00:00:00,2022-05-02 00:00:00,45,0.33622775449553644,78879031.20465285,,,COV644_PARALOGV2_ASP1904.xlsx
68,ASP1896,ACH-000906,ES2,ES2-311Cas9,38,50000000,,,0,1,82,0,,ParalogV2,M-AL30-20210921,1,9,8,7.56,3000000,,2022-03-10 00:00:00,2022-04-01 00:00:00,45,0.36237350256665274,37686844.266931884,,,ES2_PARALOGV2_ASP1896.xlsx
69,ASP1925,ACH-000934,MDAMB361,MDAMB361-enCas12a,,,,,M-AI97-20210126,10,69,,,Humagne,,,#DIV/0!,,#DIV/0!,,,Date,Date,50,#DIV/0!,#DIV/0!,,,MDAMB361_HUMAGNE_ASP1925.xlsx
70,ASP1926,ACH-001519,HEMCSS,HEMCSS-enCas12a,60,60000000,,,Megan,10,45,0,,Humagne,M-AK42-20220125,2,5,4,6.259664974276359,3000000,,2022-05-09 00:00:00,2022-05-24 00:00:00,50,0.4127061954032737,22467007.52784917,,,HEMCSS_HUMAGNE_ASP1926.xlsx
71,ASP1927,ACH-002010,MP41,MP41-enCas12a,0,0,,,Dom,,0,0,,Humagne,,0,,,,0,,Date,Date,50,,,,,MP41_HUMAGNE_ASP1927.xlsx
72,ASP1928,ACH-002505,UCH7,UCH7-enCas12a,,,,,Dom,TBD,,,,Humagne,,,#DIV/0!,,#DIV/0!,,,Date,Date,50,#DIV/0!,#DIV/0!,,,UCH7_HUMAGNE_ASP1928.xlsx
73,ASP1929,ACH-001150,OUMS27,OUMS27-enCas12a,0,0,,,0,,0,0,,Humagne,,0,,,,0,,Date,Date,50,,,,,OUMS27_HUMAGNE_ASP1929.xlsx
74,ASP1930,ACH-001540,KMLS1,KMLS1-enCas12a,,4350000,,,Megan,10,,,,Humagne,,,2,,#DIV/0!,,,Date,Date,50,#DIV/0!,#DIV/0!,,,KMLS1_HUMAGNE_ASP1930.xlsx
75,ASP1931,ACH-001672,TERA2,TERA2-enCas12a,0,5000000,,,Brian W,,0,0,,Humagne,,0,,,,0,,Date,Date,50,,,,,TERA2_HUMAGNE_ASP1931.xlsx
76,ASP1932,ACH-001401,SW13,SW13-enCas12a,84(avana screen),0,,,0,,0,0,,Humagne,,0,,,,0,,Date,Date,50,,,,,SW13_HUMAGNE_ASP1932.xlsx
77,ASP1933,ACH-001502,GCT27,GCT27-enCas12a,80,12000000,,,Amy,10,73,,,Humagne,,1,2,,#DIV/0!,,,Date,Date,50,#DIV/0!,#DIV/0!,,,GCT27_HUMAGNE_ASP1933.xlsx
78,ASP1934,ACH-000090,PC3,PC3-enCas12a,50,13300000,,,Amy,12,80,,,Humagne,,2,2,,#DIV/0!,,,Date,Date,50,#DIV/0!,#DIV/0!,,,PC3_HUMAGNE_ASP1934.xlsx
79,ASP1278,ACH-002662,JVE207,JVE207-enCas12a,68,40000000,1,0,0,10,87,0,1,Humagne,M-AK42-20200825,5,5.4,6,15.120000000000003,3000000,1,2022-03-03 00:00:00,2022-03-24 00:00:00,39,0.514849868847879,10502937.324496731,,,JVE207_HUMAGNE_ASP1278.xlsx
80,ASP1912,ACH-001960,CCSW1,CCSW1-311Cas9,31,36000000,,,,,92,,,ParalogV2,M-AL30-20210921,1,13,10,9.45,3000000,,2022-04-04 00:00:00,2022-04-25 00:00:00,40,0.4278594771,47021756.54,,,CCSW1_PARALOGV2_ASP1912.xlsx
81,ASP1868,ACH-003057,CAHPV10,CAHPV10-enCas12a,,,,,Grace,10,,,,Humagne,,,#DIV/0!,,#DIV/0!,,,Date,Date,50,#DIV/0!,#DIV/0!,,,CAHPV10_HUMAGNE_ASP1868.xlsx
82,ASP1962,ACH-001046,CORL26,CORL26-enCas12a,~150 (parental),~4e7 (parental),,,Brian W,10,0,0,,Humagne,,0,,,,0,,Date,Date,50,,,,,CORL26_HUMAGNE_ASP1962.xlsx
83,ASP1910,ACH-001841,ICC15,ICC15-311Cas9,72,30000000,,,0,10,0,0,,ParalogV2,M-AL30-20210921,2,14,18,4.402027237423602,1500000,,2022-04-21 00:00:00,2022-05-12 00:00:00,45,0.22546439628482973,22145824.99592635,,,ICC15_PARALOGV2_ASP1910.xlsx
84,ASP1913,ACH-001835,ICC106,ICC106-311Cas9,60,16000000,,,,10,,,,ParalogV2,M-AL30-20210921,4,21,16,5.04,1500000,,2022-03-31 00:00:00,Date,35,0.3333333333,46666666.67,,,ICC106_PARALOGV2_ASP1913.xlsx
85,ASP1870,ACH-003019-01,LASCPC01,LASCPC01-enCas12a,,1200000,,,Dom,#REF!,,,,Humagne,,,2,,#DIV/0!,,,Date,Date,50,#DIV/0!,#DIV/0!,,,LASCPC01_HUMAGNE_ASP1870.xlsx
86,ASP1959,ACH-000530,DMS114,DMS114-enCas12a,,,,,Grace,10,50,,,Humagne,M-AK47-20220125,2,#DIV/0!,,#DIV/0!,1500000,,Date,Date,50,#DIV/0!,#DIV/0!,,,DMS114_HUMAGNE_ASP1959.xlsx
87,ASP1960,ACH-000586,NCIH1876,NCIH1876-enCas12a,,,,,Grace,#REF!,,,,Humagne,,,#DIV/0!,,#DIV/0!,,,Date,Date,50,#DIV/0!,#DIV/0!,,,NCIH1876_HUMAGNE_ASP1960.xlsx
88,ASP1961,ACH-000749,DMS273,DMS273-enCas12a,120,20000000,,,Grace,10,91,0,,Humagne,M-AK42-20220125,2,8,6,,1500000,,Date,Date,50,,,,,DMS273_HUMAGNE_ASP1961.xlsx
89,ASP1911,ACH-001961,GB2,GB2-311Cas9,77,10600000,,,,10,0.965,,,ParalogV2,CP1600,2,31,16,40.94626296,1500000,,2022-04-25 00:00:00,2022-05-16 00:00:00,35,0.2794352379,39400368.55,,,GB2_PARALOGV2_ASP1911.xlsx
90,ASP1946,ACH-001163,CCLFPEDS0001T,CCLFPEDS0001T-311Cas9,50,10000000,,,,10,0.9,,,ParalogV2,M-AL30-20210921,3,33,16,40.32,1500000,,2022-03-31 00:00:00,2022-04-22 00:00:00,39,0.3785714286,38160000,,,CCLFPEDS0001T_PARALOGV2_ASP1946.xlsx
91,ASP1907,ACH-001412,UMUC10,UMUC10-311Cas9,60,30000000,,,,,87,,,ParalogV2,M-AL30-20210921,1,11,14,4.41,1500000,,2022-04-04 00:00:00,2022-04-25 00:00:00,45,0.5298597679,60933873.31,,,UMUC10_PARALOGV2_ASP1907.xlsx
92,ASP1909,ACH-000522,UMUC3,UMUC3-311Cas9,60,25000000,,,0,10,0,0,,ParalogV2,M-AL30-20210921,2,14,16,10.742915206682646,1500000,,2022-04-07 00:00:00,2022-04-29 00:00:00,45,0.25413400130024094,36595296.18723469,,,UMUC3_PARALOGV2_ASP1909.xlsx
93,ASP1884,ACH-001848,ICC8,ICC8-311Cas9,82,6000000,,,0,0,83,0,,ParalogV2,,4,,,,1500000,,Date,Date,35,,,,,ICC8_PARALOGV2_ASP1884.xlsx
94,ASP1887,ACH-001849,ICC9,ICC9-311Cas9,65,25000000,,,,10,77,,,ParalogV2,M-AL30-20210921,2,27,16,28.224,3000000,,2022-04-11 00:00:00,2022-05-02 00:00:00,40,0.516428662,42939010.51,,,ICC9_PARALOGV2_ASP1887.xlsx
95,ASP1940,ACH-000896,647V,647V-311Cas9,57,68000000,,,,,82,,,ParalogV2,M-AL30-20210921,2,8,18,127.5966983,1500000,,2022-04-11 00:00:00,2022-05-02 00:00:00,30,0.2237179487,30201923.08,,,647V_PARALOGV2_ASP1940.xlsx
96,ASP1943,ACH-000552,HT29,HT29-311Cas9,25,50000000,,,,10,,,,ParalogV2,CP1600,2,9,16,100.8,1500000,,2022-04-21 00:00:00,2022-05-12 00:00:00,35,0.8352115583,32272574.61,,,HT29_PARALOGV2_ASP1943.xlsx
97,ASP1829,ACH-002939,CCLFPEDS1041T,CCLFPEDS1041T-enCas12a,0,0,,,0,,0,0,,Humagne,,0,,,,0,,Date,Date,50,,,,,CCLFPEDS1041T_HUMAGNE_ASP1829.xlsx
98,ASP1830,ACH-002938,CCLFPEDS1046T,CCLFPEDS1046T-enCas12a,0,0,,,0,,0,0,,Humagne,,0,,,,0,,Date,Date,50,,,,,CCLFPEDS1046T_HUMAGNE_ASP1830.xlsx
99,ASP1955,ACH-002994-01,WSUAML,WSUAML-enCas12a,,,,,Grace,10,50,,,Humagne,,2,#DIV/0!,,#DIV/0!,,,Date,Date,50,#DIV/0!,#DIV/0!,,,WSUAML_HUMAGNE_ASP1955.xlsx
100,ASP1843,ACH-001383-02,PWR1E,PWR1E-enCas12a,,,,,Grace,#REF!,,,,Humagne,,,#DIV/0!,,#DIV/0!,,,Date,Date,50,#DIV/0!,#DIV/0!,,,PWR1E_HUMAGNE_ASP1843.xlsx
101,ASP1873,DMEM + 10% FBS,SALMAT,SALMAT-enCas12a,,6800000,,,Megan,TBD (10 or 50),98,,,Humagne,,,2,,#DIV/0!,,,Date,Date,50,#DIV/0!,#DIV/0!,,,SALMAT_HUMAGNE_ASP1873.xlsx
102,ASP1872,DMEM + 10% FBS,SNF022,SNF022-enCas12a,136,15000000,,,Brian W,10,60,0,,Humagne,,0,,,,0,,Date,Date,50,,,,,SNF022_HUMAGNE_ASP1872.xlsx
103,ASP1840,"DMEM:F12 + 0.00625 mg/ml insulin; 0.00625 mg/ml transferrin; 6.25 ng/ml selenium; 1.25 mg/ml bovine serum albumin; 0.00535 mg/ml linoleic acid; adjust to a final concentration of 2.5% Nu-Serum I. The additives (insulin, transferrin, selenium, BSA and linoleic acid) are available in the form of ITS+ Premix from Corning (Catalog No. 354352). Nu-Serum is also available from Corning (Catalog No. 355100).",NCIH295R,NCIH295R-enCas12a,,,,,Grace,#REF!,,,,Humagne,,,#DIV/0!,,#DIV/0!,,,Date,Date,50,#DIV/0!,#DIV/0!,,,NCIH295R_HUMAGNE_ASP1840.xlsx
104,ASP1835,ACH-002495,IOWA1T,IOWA1T-enCas12a,,170000000,,,Megan,10,88,,,Humagne,,,2,,#DIV/0!,,,Date,Date,50,#DIV/0!,#DIV/0!,,,IOWA1T_HUMAGNE_ASP1835.xlsx
105,ASP1875,ACH-003064-01,TE130T,TE130T-enCas12a,,11000000,,,,50,82,,,Humagne,,,2,,#DIV/0!,,,Date,Date,50,#DIV/0!,#DIV/0!,,,TE130T_HUMAGNE_ASP1875.xlsx
106,ASP1871,ACH-003061-01,NCIH774,NCIH774-enCas12a,,,,,,#REF!,,,,Humagne,,,#DIV/0!,,#DIV/0!,,,Date,Date,50,#DIV/0!,#DIV/0!,,,NCIH774_HUMAGNE_ASP1871.xlsx
107,ASP1935,ACH-001687,UMRC3,UMRC3-311Cas9,72,20000000,,,0,10,87,0,,ParalogV2,M-AL30-20210921,2,20,18,17.01,1500000,,00:00:00,Date,39,,,,,UMRC3_PARALOGV2_ASP1935.xlsx
108,ASP1957,ACH-003121,NCIH2679,NCIH2679-enCas12a,0,0,,,Grace,10,0,0,,Humagne,,0,,,,0,,Date,Date,50,,,,,NCIH2679_HUMAGNE_ASP1957.xlsx
109,ASP1956,ACH-003120,NCIH1607,NCIH1607-enCas12a,,,,,Grace,10,89,,,Humagne,,,#DIV/0!,,#DIV/0!,,,Date,Date,50,#DIV/0!,#DIV/0!,,,NCIH1607_HUMAGNE_ASP1956.xlsx
110,ASP1948,ACH-002415-01,CCLFNEURO0013T,CCLFNEURO0013T-enCas12a,,,,,,#REF!,,,,Humagne,,,#DIV/0!,,#DIV/0!,,,Date,Date,50,#DIV/0!,#DIV/0!,,,CCLFNEURO0013T_HUMAGNE_ASP1948.xlsx
111,ASP1950,ACH-002452-01,CCLFNEURO0027T,CCLFNEURO0027T-enCas12a,,75000000,,,,#REF!,64,,,Humagne,,,2,,#DIV/0!,,,Date,Date,50,#DIV/0!,#DIV/0!,,,CCLFNEURO0027T_HUMAGNE_ASP1950.xlsx
112,ASP1951,ACH-002455-01,CCLFNEURO0034T,CCLFNEURO0034T-enCas12a,0,36000000,,,0,,57,0,,Humagne,,0,,,,0,,Date,Date,50,,,,,CCLFNEURO0034T_HUMAGNE_ASP1951.xlsx
113,ASP1936,ACH-000600,SLR26,SLR26-311Cas9,100,14000000,,,0,10,94,0,,ParalogV2,M-AP02-2022046,4,24,16,5.040000000000001,1500000,,2022-05-19 00:00:00,Date,43,0.12411582670203361,17872679.04509284,,,SLR26_PARALOGV2_ASP1936.xlsx
114,ASP1964,ACH-000924,NCIH2172,NCIH2172-311Cas9,47,11000000,,,,10,78,,,ParalogV2,M-AL30-20210921,2,27,14,13.23,1500000,,2022-05-12 00:00:00,Date,45,0.3857554814,40594335.16,,,NCIH2172_PARALOGV2_ASP1964.xlsx
115,ASP1983,ACH-000952,MDAPCA2B,MDAPCA2B-enCas12a,,,,,,#REF!,,,,Humagne,,,#DIV/0!,,#DIV/0!,,,Date,Date,50,#DIV/0!,#DIV/0!,,,MDAPCA2B_HUMAGNE_ASP1983.xlsx
116,ASP1984,ACH-000177-03,NCIH660,NCIH660-enCas12a,,,,,,#REF!,,,,Humagne,,,#DIV/0!,,#DIV/0!,,,Date,Date,50,#DIV/0!,#DIV/0!,,,NCIH660_HUMAGNE_ASP1984.xlsx
117,ASP1979,ACH-000482,RERFLCKJ,RERFLCKJ-enCas12a,,,,,Grace,#REF!,,,,Humagne,,,#DIV/0!,,#DIV/0!,,,Date,Date,50,#DIV/0!,#DIV/0!,,,RERFLCKJ_HUMAGNE_ASP1979.xlsx
118,ASP1982,ACH-000825,HOP92,HOP92-enCas12a,,,,,,#REF!,,,,Humagne,,,#DIV/0!,,#DIV/0!,,,Date,Date,50,#DIV/0!,#DIV/0!,,,HOP92_HUMAGNE_ASP1982.xlsx
119,ASP1977,ACH-000066,HCC4006,HCC4006-enCas12a,,,,,,#REF!,,,,Humagne,,,#DIV/0!,,#DIV/0!,,,Date,Date,50,#DIV/0!,#DIV/0!,,,HCC4006_HUMAGNE_ASP1977.xlsx
120,ASP1978,ACH-000451,NCIH2085,NCIH2085-enCas12a,100,4400000,,,,#REF!,0.78,,,Humagne,,,2,,#DIV/0!,,,Date,Date,50,#DIV/0!,#DIV/0!,,,NCIH2085_HUMAGNE_ASP1978.xlsx
121,ASP1937,ACH-000385,SKRC20,SKRC20-311Cas9,,17500000,,,,10,,,,ParalogV2,M-AP02-20220426,,2,,#DIV/0!,1500000,,Date,Date,45,#DIV/0!,#DIV/0!,,,SKRC20_PARALOGV2_ASP1937.xlsx
122,ASP1966,ACH-000434,NCIH1915,NCIH1915-311Cas9,74,32400000,,,,,87,,,ParalogV2,M-AL30-20210921,2,14,20,14.13474142,1500000,,2022-05-19 00:00:00,Date,40,0.3177881575,55612927.57,,,NCIH1915_PARALOGV2_ASP1966.xlsx
123,ASP1965,ACH-000845,NCIH1373,NCIH1373-311Cas9,60,27000000,,,0,0,0.88,0,,ParalogV2,M-AL30-20210921,2,14,16,50.400000000000006,1500000,,Date,Date,45,,,,,NCIH1373_PARALOGV2_ASP1965.xlsx
124,ASP1985,ACH-002711,UMHACC2A,UMHACC2A-enCas12a,60,10000000,,,0,,93,0,,Humagne,,0,,,,0,,Date,Date,50,,,,,UMHACC2A_HUMAGNE_ASP1985.xlsx
125,ASP1874,ACH-003063-01,LMMEL57,LMMEL57-enCas12a,,,,,,#REF!,,,,Humagne,,,#DIV/0!,,#DIV/0!,,,Date,Date,50,#DIV/0!,#DIV/0!,,,LMMEL57_HUMAGNE_ASP1874.xlsx
126,ASP1980,ACH-001489,CORL32,CORL32-enCas12a,,,,,,#REF!,,,,Humagne,,,#DIV/0!,,#DIV/0!,,,Date,Date,50,#DIV/0!,#DIV/0!,,,CORL32_HUMAGNE_ASP1980.xlsx
127,ASP1986,ACH-001676,TY82,TY82-enCas12a,,,,,,#REF!,,,,Humagne,,,#DIV/0!,,#DIV/0!,,,Date,Date,50,#DIV/0!,#DIV/0!,,,TY82_HUMAGNE_ASP1986.xlsx
128,ASP1967,ACH-000272,SLR24,SLR24-311Cas9,46,29500000,,,,10,90,,,ParalogV2,M-AP02-20220426,2,11,14,7.873837923,1500000,,2022-05-12 00:00:00,Date,40,0.3822685441,30367413.14,,,SLR24_PARALOGV2_ASP1967.xlsx
129,ASP1883,ACH-003072-01,CHLA05ATRT,CHLA05ATRT-enCas12a,,,,,,#REF!,,,,Humagne,,,#DIV/0!,,#DIV/0!,,,Date,Date,50,#DIV/0!,#DIV/0!,,,CHLA05ATRT_HUMAGNE_ASP1883.xlsx
130,ASP1968,ACH-000416,NCIH838,NCIH838-311Cas9,36,26000000,,,,10,78,,,ParalogV2,M-AP02-20220426,2,14,16,3.79515729,1500000,,2022-05-19 00:00:00,Date,40,0.4676135672,61805153.19,,,NCIH838_PARALOGV2_ASP1968.xlsx
131,ASP1881,ACH-003070-01,CHLA01MED,CHLA01MED-enCas12a,,,,,,#REF!,,,,Humagne,,,#DIV/0!,,#DIV/0!,,,Date,Date,50,#DIV/0!,#DIV/0!,,,CHLA01MED_HUMAGNE_ASP1881.xlsx
132,ASP1952,ACH-002451-01,CCLFNEURO0026T,CCLFNEURO0026T-enCas12a,,,,,,#REF!,,,,Humagne,,,#DIV/0!,,#DIV/0!,,,Date,Date,50,#DIV/0!,#DIV/0!,,,CCLFNEURO0026T_HUMAGNE_ASP1952.xlsx
133,ASP1882,ACH-003071-01,NCIH748,NCIH748-enCas12a,,,,,,#REF!,,,,Humagne,,,#DIV/0!,,#DIV/0!,,,Date,Date,50,#DIV/0!,#DIV/0!,,,NCIH748_HUMAGNE_ASP1882.xlsx
134,ASP1987,ACH-001435,1156QE8,1156QE8-enCas12a,120,5000000,,,0,,0,0,,Humagne,,0,,,,0,,Date,Date,50,,,,,1156QE8_HUMAGNE_ASP1987.xlsx
135,ASP1989,ACH-001405,UACC462,UACC462-enCas12a,0,0,,,0,,0,0,,Humagne,,0,,,,0,,Date,Date,50,,,,,UACC462_HUMAGNE_ASP1989.xlsx
136,ASP1953,ACH-002456-01,CCLFNEURO0035T,CCLFNEURO0035T-enCas12a,,,,,,#REF!,,,,Humagne,,,#DIV/0!,,#DIV/0!,,,Date,Date,50,#DIV/0!,#DIV/0!,,,CCLFNEURO0035T_HUMAGNE_ASP1953.xlsx
137,ASP1970,ACH-000484,VMRCRCW,VMRCRCW-311Cas9,134 (avana),10000000,,,0,10,0,0,,ParalogV2,,2,,,,0,,Date,Date,45,,,,,VMRCRCW_PARALOGV2_ASP1970.xlsx
138,ASP1975,ACH-000013,ONCODG1,ONCODG1-311Cas9,72,21000000,,,0,10,84,0,,ParalogV2,M-AP02-20220426,2,20,20,6.300000000000001,1500000,,Date,Date,43,,,,,ONCODG1_PARALOGV2_ASP1975.xlsx
139,ASP1973,ACH-000339,HCC461,HCC461-311Cas9,42,26000000,,,,,85,,,ParalogV2,M-AP02-20220426,2,17,20,13.64900464,1500000,,Date,Date,40,#DIV/0!,#DIV/0!,,,HCC461_PARALOGV2_ASP1973.xlsx
140,ASP1945,ACH-000253,COLO201,COLO201-311Cas9,,,,,,,79,,,ParalogV2,M-AP02-20220426,2,#DIV/0!,,#DIV/0!,1500000,,Date,Date,45,#DIV/0!,#DIV/0!,,,COLO201_PARALOGV2_ASP1945.xlsx
141,ASP1944,ACH-000403,NCIH747,NCIH747-311Cas9,72,13000000,,,,10,86,,,ParalogV2,M-AP02-20220426,2,32,20,50.4,1500000,,2022-05-26 00:00:00,Date,40,0.4877118644,#REF!,,,NCIH747_PARALOGV2_ASP1944.xlsx
142,ASP1866,ACH-000709,KMRC2,KMRC2-311Cas9,120,13500000,,,0,0,80,0,,ParalogV2,M-AP02-20220426,2,22,14,2.885485507731216,1500000,,Date,Date,45,,,,,KMRC2_PARALOGV2_ASP1866.xlsx
143,ASP1938,ACH-000741,UBLC1,UBLC1-311Cas9,,,,,,,83,,,ParalogV2,,,#DIV/0!,,#DIV/0!,,,Date,Date,45,#DIV/0!,#DIV/0!,,,UBLC1_PARALOGV2_ASP1938.xlsx
144,ASP1924,ACH-003016,TELOHAEC,TELOHAEC-enCas12a,,,,,,#REF!,,,,Humagne,,,#DIV/0!,,#DIV/0!,,,Date,Date,50,#DIV/0!,#DIV/0!,,,TELOHAEC_HUMAGNE_ASP1924.xlsx
145,ASP1878,ACH-003067-01,CHLA01RMED,CHLA01RMED-enCas12a,,,,,,#REF!,,,,Humagne,,,#DIV/0!,,#DIV/0!,,,Date,Date,50,#DIV/0!,#DIV/0!,,,CHLA01RMED_HUMAGNE_ASP1878.xlsx
146,ASP1992,ACH-001578,NCCIT,NCCIT-enCas12a,,,,,,#REF!,,,,Humagne,,,#DIV/0!,,#DIV/0!,,,Date,Date,50,#DIV/0!,#DIV/0!,,,NCCIT_HUMAGNE_ASP1992.xlsx
147,ASP1981,ACH-000186,NCIH2444,NCIH2444-enCas12a,,,,,,#REF!,,,,Humagne,,,#DIV/0!,,#DIV/0!,,,Date,Date,50,#DIV/0!,#DIV/0!,,,NCIH2444_HUMAGNE_ASP1981.xlsx
148,ASP1972,ACH-000886,NCIH2009,NCIH2009-311Cas9,,43000000,,,,,87,,,ParalogV2,M-AP02-20220426,,2,,#DIV/0!,1500000,,Date,Date,45,#DIV/0!,#DIV/0!,,,NCIH2009_PARALOGV2_ASP1972.xlsx
149,ASP1971,ACH-000313,KMRC3,KMRC3-311Cas9,80,16000000,,,,10,94,,,ParalogV2,M-AP02-20220426,2,21,16,#DIV/0!,1500000,,Date,Date,35,#DIV/0!,#DIV/0!,,,KMRC3_PARALOGV2_ASP1971.xlsx
150,ASP1969,ACH-000787,LXF289,LXF289-311Cas9,45,12500000,,,,10,,,,ParalogV2,M-AP02-20220426,2,26,16,4.848,1500000,,2022-05-16 00:00:00,Date,45,0.5146356784,57896513.82,,,LXF289_ParalogV2_ASP1969.xlsx
151,ASP1947,ACH-002490-01,NCIH1882,NCIH1882-enCas12a,,100000000,,,Megan,#REF!,,,,Humagne,,,2,,#DIV/0!,,,Date,Date,50,#DIV/0!,#DIV/0!,,,NCIH1882_HUMAGNE_ASP1947.xlsx
152,ASP1923,ACH-003017,EAHY926,EAHY926-enCas12a,,,,,,#REF!,,,,Humagne,,,#DIV/0!,,#DIV/0!,,,Date,Date,50,#DIV/0!,#DIV/0!,,,EAHY926_HUMAGNE_ASP1923.xlsx
153,ASP1990,ACH-002534,SNU228,SNU228-enCas12a,0,3000000,,,0,,0,0,,Humagne,,0,,,,0,,Date,Date,50,,,,,SNU228_HUMAGNE_ASP1990.xlsx
154,ASP1991,ACH-002236,EB3,EB3-enCas12a,0,0,,,0,,0,0,,Humagne,,0,,,,0,,Date,Date,50,,,,,EB3_HUMAGNE_ASP1991.xlsx
155,ASP1916,ACH-000491,NCIH716,NCIH716-311Cas9,120,80000000,,,0,10,87,0,,ParalogV2,M-AL30-20210921,1,7,10,1.621855040391307,3000000,,2022-03-14 00:00:00,2022-04-05 00:00:00,45,0.3612230439633028,59168334.601188995,213900000,8.111573078850334,NCIH716COPY_PARALOGV2_ASP1916.xlsx
156,ASP1658,ACH-000696,OVCAR8,OVCAR8-enCas12a,25,20000000,0,1,,8,,,1,Humagne,0,1,5,3,1.2368203282508323,1500000,1,2020-09-25 00:00:00,2020-10-06 00:00:00,50,0.3504230482480709,9140822.492598616,,,OVCAR8_HUMAGNE_ASP1658.xlsx
157,ASP1655,ACH-000362,MOLM13,MOLM13-enCas12a,43,200000000,0,1,,8,,,1,Humagne,,1,3,3,1.5207591575557444,1500000,1,2020-09-25 00:00:00,2020-10-09 00:00:00,50,0.3723421172194457,9215467.40118128,,,MOLM13_HUMAGNE_ASP1655.xlsx
158,ASP1656,0,MOLM13scc2-enCas12a,0,,200000000,,,00:00:00,8,0,0,2,Humagne,,1,3,3,1.7305425834734147,1500000,1,2020-09-24 00:00:00,2020-10-09 00:00:00,50,0.38133555709582395,8322648.5336163575,,,MOLM13SCC2_HUMAGNE_ASP1656.xlsx
159,ASP1653,ACH-000404,K029AX,K029AX-enCas12a,40,42500000,0,1,,,,,1,Humagne,1,,3,1,1.3010753044674779,3000000,1,2020-11-02 00:00:00,2020-11-16 00:00:00,50,0.5871813558547294,10569264.40538513,,,K029AX_HUMAGNE_ASP1653.xlsx
160,ASP1759,ACH-000804,NB1,NB1-enCas12a,32,45000000,0.0,1.0,M-AI97-20200128,3,51,,1.0,Humagne,M-AK41-20200825,1,5,6,3.249652734,1500000,1.0,2021-02-22 00:00:00,2021-03-09 00:00:00,50,0.5506318136,24227595.2,,,NB1_HUMAGNE_ASP1759.xlsx
161,ASP1768,ACH-000087,SKES1,SKES1-enCas12a,36,80000000,0,1,M-AI97-20201208,8,70,,1,Humagne,M-AK41-20200819,1,3,4,1.0839740532974949,1500000,1,2021-02-25 00:00:00,2021-03-11 00:00:00,50,0.4583942514075964,14194683.00545218,,,SKES1_HUMAGNE_ASP1768.xlsx
162,ASP1758,ACH-000053,KARPAS299,KARPAS299-enCas12a,35,400000000,0,1,M-AI97-20200811,2,80,0,1,Humagne,M-AK41-20200819,1,2,6,8.771675395038988,1500000,1,2021-02-15 00:00:00,2021-03-01 00:00:00,50,0.5471704714423161,21126137.11137983,,,KARPAS299_HUMAGNE_ASP1758.xlsx
163,ASP0742,ACH-001619,OCUG1,OCUG1-enCas12a,55,15000000,0,1,M-AI97-20201208,15,85,,1,Humagne,M-AK92-20200825,1,7,4,3.9552,1500000,1,2021-02-25 00:00:00,2021-03-12 00:00:00,50,0.20102635489004497,7236948.776041619,,,OCUG1_HUMAGNE_ASP0742.xlsx
164,ASP0738,ACH-001054,D458,D458-enCas12a,50,60000000,0,1,,8,65,,1,Humagne,AK42-20200825,2,4,2,0.24464167831439004,3000000,1,2021-03-11 00:00:00,2021-03-26 00:00:00,50,0.22498137585845648,6302647.275809435,,,D458_HUMAGNE_ASP0738.xlsx
165,ASP1657,ACH-000168,NOMO1,NOMO1-enCas12a,50,200000000,0,1,,8,0,,1,Humagne,0,1,3,3,3.1580797970291434,1500000,1,2020-09-25 00:00:00,2020-10-09 00:00:00,50,0.7262708555812003,11987947.46284808,,,NOMO1_HUMAGNE_ASP1657.xlsx
166,ASP1766,ACH-000233,DEL,DEL-enCas12a,36,250000000,0,1,M-AI97-20201208,8,89,0,1,Humagne,M-AK41-20200825,2,3,8,19.968000000000004,1500000,1,2021-02-22 00:00:00,2021-03-09 00:00:00,50,0.5844893876340078,38553674.18819416,,,DEL_HUMAGNE_ASP1766.xlsx
167,ASP1763,ACH-000583,MC116,MC116-enCas12a,36,170000000,0,1,Ach reserved 40ml prep,10,80,0,1,Humagne,20200825,1,4,6,15.120000000000003,3000000,1,2021-03-08 00:00:00,2021-03-22 00:00:00,50,0.27606015147634555,19161750.425705455,,,MC116_HUMAGNE_ASP1763.xlsx
168,ASP1762,ACH-001858,SSP25,SSP25-enCas12a,70,7000000,0,1,M-AI97-20200811,10,68,0,1,Humange,M-AK41-20200825,1,13,4,5.105177412593732,1500000,1,2021-02-25 00:00:00,2021-03-11 00:00:00,50,0.44320154525264327,10802844.03457693,,,SSP25_HUMAGNE_ASP1762.xlsx
169,ASP1761,ACH-000025,CH157MN,CH157MN-enCas12a,35,25000000,0,1,M-AI97-20200128,2,92,0,1,Humagne,M-AK41-20200819,1,7.76,8,20.16,1500000,1,2021-02-18 00:00:00,2021-03-05 00:00:00,33,0.35776718856364875,23673730.0727863,,,CH157MN_HUMAGNE_ASP1761.xlsx
170,ASP0756,ACH-000074,KU81,KU812-enCas12a,45,300000000,0,1,0,10,60,,1,Humagne,AK42-20200825,1,3,4,2.9889518422367756,3000000,1,2021-03-15 00:00:00,2021-03-29 00:00:00,35,0.34287449392712555,24686963.56275304,,,KU812_HUMAGNE_ASP0756.xlsx
171,ASP0760,ACH-000097,ZR751,ZR751-enCas12a,90,36000000,0,1,20200128,6,55,,1,Humagne,AK42-20200825,2,5,2,1.89,3000000,1,2021-03-11 00:00:00,2021-03-25 00:00:00,50,0.7195007172826403,23773620.432357255,,,ZR751_HUMAGNE_ASP0760.xlsx
172,ASP1767,ACH-000292,NCIH841,NCIH841-enCas12a,30,60000000,0,1,M-AI97-20200811,8,75,,1,Humagne,M-AK41-20200819,2,4,6,3.7800000000000007,1500000,2,2021-07-08 00:00:00,2021-07-23 00:00:00,50,0.3328013606179715,17971273.473370463,,,NCIH841_HUMAGNE_ASP1767.xlsx
173,ASP0740,ACH-000067,HS683,HS683-enCas12a,55,21200000,0,1,,3,69,,1,Humagne,20200825,2,6,4,3.78,1500000,2,2021-07-12 00:00:00,2021-07-27 00:00:00,50,0.3852013598811028,11401960.252480643,,,HS683_HUMAGNE_ASP0740.xlsx
174,ASP1756,ACH-000658,KMS18,KMS18-enCas12a,21,605000,0,1,M-AI97-20201208,5,83,,1,Humagne,M-AK41-20200819,1,3,4,1.9468414890986558,1500000,1,2021-02-25 00:00:00,2021-03-11 00:00:00,50,0.44938002333135496,12750034.711968869,,,KMS18_HUMAGNE_ASP1756.xlsx
175,ASP1757,ACH-001028,CHLA06ATRT,CHLA06ATRT-enCas12a,40,40000000,0,1,M-AI97-20200811,3,60,,1,Humagne,M-AK41-20200819,1,4.7,6,1.8,1500000,1,2021-02-18 00:00:00,2021-03-05 00:00:00,50,0.6150181159420289,20442749.399839956,,,CHLA06ATRT_HUMAGNE_ASP1757.xlsx
176,ASP1764,ACH-000022,PATU8988S,PATU8988S-enCas12a,36,75900000,0,1,M-AI97-20201208,10,88,0,1,Humange,M-AK41-20200819,2,4,6,2.063486014381046,1500000,1,2021-02-25 00:00:00,2021-03-11 00:00:00,50,0.5534957545835809,28558720.449249025,,,PATU8988S_HUMAGNE_ASP1764.xlsx
